source,text,url,sentiment_label,sentiment_score
Nobelprize.org,"Nobel Prize in Economic Sciences 2025. The Sveriges Riksbank Prize in Economic Sciences in Memory of Alfred Nobel 2025 was awarded ""for having explained innovation-driven economic growth"" with one half to Joel Mokyr ""for having identified the prerequisites for sustained growth through technologica…",https://www.nobelprize.org/prizes/economic-sciences/2025/popular-information/,Positive,0.9
Harvard Business Review,"How to Lead When the Conditions for Success Suddenly Disappear. Broaden coalitions, build resiliency, and reset expectations.",https://hbr.org/2025/10/how-to-lead-when-the-conditions-for-success-suddenly-disappear,Neutral,0.1
CNET,Surfshark Launches Its First 100Gbps VPN Server. The massive leap from the industry-standard 10Gbps servers makes the company's service more competitive.,https://www.cnet.com/tech/services-and-software/surfshark-launches-its-first-100gbps-vpn-server/,Positive,0.85
Business Insider,Howard Schultz said he's Worried — 'with a big W' — about AI. The former Starbucks CEO drew parallels between the rapid advancement of AI and the progress of social media 10 to 15 years ago.,https://www.businessinsider.com/howard-schultz-starbucks-worried-about-ai-2025-10,Negative,-0.7
Bostonorganics.com,"42,600 ton ship to break the world record for the deepest drill at 7 miles. China has unleashed its most ambitious deep-sea exploration project with the Meng Xiang drilling vessel, a technological marvel weighing 42,600 tons. This floating giant embarks on humanity's boldest quest to penetrate Earth's oceanic crust deeper than ever a…",https://blog.bostonorganics.com/chinas-42600-ton-meng-xiang-aims-drill-7-miles-deep-breaking-records/,Positive,0.95
Hackaday,"The Fascinating Waveguide Technology Inside Meta’s Ray-Ban Display Glasses. Recently the avid teardown folk over at iFixit got their paws on Meta’s Ray-Ban Display glasses, for a literal in-depth look at these smart glasses. Along the way they came across the fascina…",https://hackaday.com/2025/10/09/the-fascinating-waveguide-technology-inside-metas-ray-ban-display-glasses/,Positive,0.65
Android Police,Battery breakthrough could change the future of smart rings. Silicon-carbon anode batteries aren't only for phones,https://www.androidpolice.com/battery-breakthrough-could-change-the-future-of-smart-rings/,Positive,0.85
Gizmodo.com,"So, Is Intel Still Making Graphics Cards?. Intel won’t talk about its partnership with Nvidia, but the chipmaker’s still promising “the Next Arc family.”",https://gizmodo.com/intel-still-making-graphics-cards-2000670431,Neutral,0.1
Natureasia.com,We Need Arabic Language Models. Building strong Arabic language models is a strategic step to ensure the Arab world’s active role in shaping the future of artificial intelligence.,https://www.natureasia.com/en/nmiddleeast/article/10.1038/nmiddleeast.2025.142,Positive,0.7
Slashdot.org,"Only 40% of Workers Have High-Quality Jobs, Gallup Finds. joshuark writes: Not all jobs are created equal, according to the new American Job Quality Study. The nationally representative survey of roughly 18,000 Americans finds that just 40% of U.S. workers hold ""quality jobs,"" ""Quality jobs"" are defined as roles wit…",https://slashdot.org/story/25/10/17/0836202/only-40-of-workers-have-high-quality-jobs-gallup-finds,Negative,-0.75
NPR,"Japan's parliament elects Sanae Takaichi as nation's first female prime minister. Japan's parliament elected Sanae Takaichi as the country's first female prime minister Tuesday, after her party struck a coalition deal expected to pull her governing bloc further to the right.",https://www.npr.org/2025/10/21/nx-s1-5581178/japan-sanae-takaichi-female-prime-minister,Positive,0.6
Bolde.com,"13 Doomsday Scenarios That Could Actually Happen, According to Experts. These doomsday scenarios could actually happen according to experts.",https://www.bolde.com/520911-2/,Negative,-0.8
SlashGear,"NYC's First Quantum Computer Is Officially Online (And It Has A Clear AI Directive). A first-of-its-kind quantum computer is now live in NYC, built with AI in mind. But can it really change the future of model training and efficiency?",https://www.slashgear.com/1985009/new-york-city-first-quantum-computer-data-center/,Positive,0.7
Signal.org,Signal's New PQ Ratchet. We are excited to announce a significant advancement in the security of the Signal Protocol: the introduction of the Sparse Post Quantum Ratchet (SPQR). This new ratchet enhances the Signal Protocol’s resilience against future quantum computing threats while …,https://signal.org/blog/spqr/,Positive,0.9
Barchart.com,This Quantum Computing Stock Just Set Another Scientific Record. Should You Buy It Here?. IonQ stock is back in the spotlight after its Tempo system achieved a record-breaking #AQ 64 benchmark three months ahead of schedule.,https://www.barchart.com/story/news/35108859/this-quantum-computing-stock-just-set-another-scientific-record-should-you-buy-it-here,Positive,0.8
Yanko Design,"Huawei MatePad 12X Review: PaperMatte Innovation for Creatives and Professionals. Huawei MatePad 12X Review: PaperMatte Innovation for Creatives and ProfessionalsMy MatePad 12X sits on my wooden desk, catching afternoon sunlight through its PaperMatte Display, and the naturalness of this experience continues to impress me....",https://www.yankodesign.com/2025/10/06/huawei-matepad-12x-review-papermatte-innovation-for-creatives-and-professionals/,Positive,0.85
Business Insider,"JPMorgan is stuck paying for Charlie Javice's legal fees. The bank says her $115 million bill is 'patently excessive and egregious'. A clause in JPMorgan's contract with Charlie Javice kept the bank on the hook for her legal fees. JPMorgan says it's stuck with an ""egregious"" bill.",https://www.businessinsider.com/jpmorgan-forced-pay-charlie-javice-legal-bill-dispute-fraud-trial-2025-10,Negative,-0.88
CNET,"AI Is the 'Biggest Driver' of Electricity Use in North America, a New Energy Report Shows. By 2040, AI data centers alone will account for 12% of North American electricity consumption, according to a report on the global energy transition.",https://www.cnet.com/tech/services-and-software/ai-is-the-biggest-driver-of-electricity-use-in-north-america-a-new-energy-report-shows/,Neutral,0.0
Business Insider,This is your doctor on ChatGPT. Over a dozen healthcare professionals told Business Insider how they use AI — including one way it could help cure their burnout.,https://www.businessinsider.com/how-doctors-use-ai-chatgpt-including-to-help-avoid-burnout-2025-10,Positive,0.75
Business Insider,"I was accepted into NYU, but chose a community college certification instead. Being debt-free was more important than prestige.. I planned to enroll at New York University, but pivoted at the last second. I'm now enrolled in an interpreter course at a community college for $450.",https://www.businessinsider.com/student-turned-down-nyu-debt-free-community-college-path-2025-10,Positive,0.65
Business Insider,What makes the latest round of AI slop interesting? You.. Can I interest you in a video of Sam Altman stealing GPUs? No? Too bad. AI slop is here whether we like it or not.,https://www.businessinsider.com/ai-slop-openai-sam-altman-deepfake-perplexity-meta-2025-10,Negative,-0.4
Yahoo Entertainment,"Chinese automaker announces ambitious plans to bring its high-tech EV to new continent — and it's half the price of a new Tesla. ""I believe by then, what we launch will be very proven and very excellent vehicles.""",https://autos.yahoo.com/ev-and-future-tech/articles/chinese-automaker-announces-ambitious-plans-134500017.html,Positive,0.7
BBC News,Tech billionaires seem to be doom prepping. Should we all be worried?. The debate is ramping up about what happens if - or when - computer intelligence overtakes humans,https://www.bbc.com/news/articles/cly17834524o,Negative,-0.6
Science Daily,"First living cochlea outside the body shows how hearing really works. Scientists have kept a tiny slice of cochlea alive outside the body, directly witnessing how hair cells amplify sound. The finding confirms a universal principle of hearing and could pave the way for long-sought treatments for hearing loss.",https://www.sciencedaily.com/releases/2025/09/250929055003.htm,Positive,0.8
Forbes,"Why Real Leadership Means Embracing Innovation—Even When Your Industry Resists Change. In change-resistant industries, leadership requires embracing innovation. Why and how leaders can inspire rather than resist change, with action steps to succeed.",https://www.forbes.com/sites/davidhenkin/2025/10/14/why-real-leadership-means-embracing-innovation-even-when-your-industry-resists-change/,Positive,0.6
Nature.com,Technology leaders should ‘pay back’ society to support the common good. Media technologies shape individuals’ sensitivity to the world around them. But are algorithms promoting what’s best for people?,https://www.nature.com/articles/d41586-025-03152-y,Negative,-0.3
Forbes,IEEE Innovation Summit Develops Ways To Make Strategic Initiatives. IEEE volunteer leaders and staff met  to explore CleanTech Solutions and to evaluate and develop ambitious new initiatives to achieve our 5-year strategic plan.,https://www.forbes.com/sites/tomcoughlin/2025/10/12/ieee-innovation-summit-develops--ways-to-make-strategic-initiatives/,Positive,0.85
Ubergizmo,"Future Innovation Tech Expo, FIX 2025, Marks Daegu’s Push for an AI-Transformed Industry. Daegu’s integrated technology exhibition brings together four major events—DIFA, ROBEX, ITCE, and the Start-Up Arena—to explore how AI is reshaping mobility, robotics, ICT, and entrepreneurship across South Korea. This October, the city of Daegu will host FIX…",https://www.ubergizmo.com/2025/10/fix-2025-daegu-push-for-an-ai-transformed-industry/,Positive,0.75
Dezeen,HIV self-test among projects from Georgia Institute of Technology. Dezeen School Shows: an HIV self-test designed for visually impaired people is among the projects from Georgia Institute of Technology. Also featured is a portable nightlight for children and an air pollution monitoring device. Georgia Institute of Technology…,https://www.dezeen.com/2025/10/20/hiv-self-test-visually-impaired-people-georgia-institute-of-technology-schoolshows/,Positive,0.65
Business Insider,I work from 5 a.m. to 2 p.m. for a remote European company. I have time to relax and to grow my 6-figure side business.. Ashley Couto works remotely from 5 a.m. to 2 p.m. for a company based in Europe. She says it's the best thing she's ever done for her career.,https://www.businessinsider.com/work-remotely-european-company-eastern-time-love-it-2025-10,Positive,0.95
Business Insider,"Even top generals are looking to AI chatbots for answers. Some military leaders are turning to AI chatbots for help with decision-making, seeing this tech as a way to get the advantage.",https://www.businessinsider.com/even-top-generals-are-looking-to-ai-chatbots-for-answers-2025-10,Neutral,0.1
Forbes,"CoreWeave Empowers AI With High-Speed, Flexible Object Storage. CoreWeave's specialized offering is an unmistakable signal that the era of generic object storage built for everything may be ending, replaced by platforms engineered for the extraordinary pace and scale of AI advancement.",https://www.forbes.com/sites/janakirammsv/2025/10/22/coreweave-empowers-ai-with-high-speed-flexible-object-storage/,Positive,0.85
TechRadar,"How to eliminate digital friction to keep AI innovation on track. With a platform-based approach to integration, organizations can turn data into a real-time strategic asset.",https://www.techradar.com/pro/how-to-eliminate-digital-friction-to-keep-ai-innovation-on-track,Positive,0.75
Space.com,"'Alien: Earth' predicts a transhumanist future, but could we ever digitize human consciousness? We asked the experts (exclusive). Alien: Earth suggests a future where consciousness isn't confined to the body you're born in, but is this a realistic possibility, or merely science fiction? We spoke to experts to find out.",https://www.space.com/entertainment/space-movies-shows/alien-earth-predicts-a-transhumanist-future-but-could-we-ever-digitize-human-consciousness-we-asked-the-experts-exclusive,Neutral,0.0
SYFY WIRE,"Here's Where Aliens Could be Hiding, According to Astronomers. The space around black holes might be the galaxy's most valuable real estate.",https://www.syfy.com/syfy-wire/aliens-might-be-hiding-around-supermassive-black-holes-heres-how,Neutral,0.05
Yahoo Entertainment,"Scientists make incredible breakthrough that could change future of construction: 'A significant advancement'. ""The impact of this work reaches far beyond the field of engineering.""",https://www.yahoo.com/news/articles/scientists-incredible-breakthrough-could-change-064500560.html,Positive,0.9
Universe Today,"Alien Civilizations May Only Be Detectable For A Cosmic Blink Of An Eye. Alien civilizations may evolve so quickly that they are only detectable for a blink of cosmic time, thanks to the rise of artificial intelligence.",https://www.universetoday.com/articles/alien-civilizations-may-only-be-detectable-for-a-cosmic-blink-of-an-eye,Neutral,0.0
Forbes,The Rush To Build AI Data Centers Leaves Black Workers With New Risks. Examining how AI data centers disproportionately impact Black communities and how equitable policies can shape a more inclusive future.,https://www.forbes.com/sites/aishanyandoro/2025/10/20/the-rush-to-build-ai-data-centers-leaves-black-workers-with-new-risks/,Negative,-0.7
Gizmodo.com,"‘Tron: Ares’ Is ‘Tron’ at Its Most Disney. Jared Leto and Greta Lee star in the sequel to 'Tron: Legacy', which opens October 10.",https://gizmodo.com/tron-ares-movies-review-jared-leto-greta-lee-nin-2000668540,Neutral,0.0
Deadline,"Hirokazu Kore-eda Starts Shooting ‘Sheep In The Box’ With Gaga, Goodfellas Handling Sales. Japanese auteur Hirokazu Kore-eda has started production on his latest feature, Sheep In The Box, with Ayase Haruka and Daigo heading the cast.  Ayase Haruka previously starred in Kore-eda’s Our Little Sister, while Daigo is one of Japan’s star comedians and …",http://deadline.com/2025/09/hirokazu-kore-eda-sheep-in-the-box-gaga-goodfellas-1236563645/,Neutral,0.0
Naturalnews.com,"Chinese military now utilizing AI to prepare AUTONOMOUS WAR MACHINES. The global balance of power is shifting in plain sight, yet Western media refuses to acknowledge what is becoming increasingly obvious. China has achieved a technological breakthrough that threatens to rewrite the rules of international security and warfare. …",https://www.naturalnews.com/2025-10-27-chinese-military-now-utilizing-ai-to-prepare-autonomous-war-machines.html,Negative,-0.75
RT,"Future of innovation: A field for global cooperation or competition?. Technology must be an “extension of a person’s will, never a replacement,” the president of the Chilean Robotics Association has told RT Read Full Article at RT.com",https://www.rt.com/russia/625997-future-innovation-global-cooperation-competition/,Neutral,0.1
Forbes,"Neuroinclusion: A Smarter Way To Build Innovative Teams. Neuroinclusion is a smart strategy for company growth. When businesses design workplaces where every kind of mind can thrive, innovation, retention, and performance soar.",https://www.forbes.com/sites/jenniferpalumbo/2025/10/09/neuroinclusion-a-smarter-way-to-build-innovative-teams/,Positive,0.9
NPR,"Maine's food pantries stare down volunteer shortage while anticipating cuts. Maine has long been one of the most food insecure states in New England. In March, the Trump administration cut more than $1 billion from two U.S. food programs.",https://www.npr.org/2025/09/28/nx-s1-5555911/maines-food-pantries-stare-down-volunteer-shortage-while-anticipating-cuts,Negative,-0.85
Asimov.press,"Making the Electron Microscope. In a little over a century, the electron microscope evolved from a tool barely capable of resolving virus particles into one able to capture atomic detail.",https://www.asimov.press/p/electron-microscope,Positive,0.4
Universe Today,"Are We In The Solitude Zone Of The Universe?. Are we alone? It’s probably one of the, if not the most basic questions of human existence. People have been trying to answer it for millennia in one form or another, but only recently have we gained the tools and knowledge to start tractably trying to estima…",https://www.universetoday.com/articles/are-we-in-the-solitude-zone-of-the-universe,Neutral,0.0
Forbes,La Prairie Goes For Gold With Its New Skin Care Collection. Dr Jacqueline Hill of La Prairie explains the science and innovation behind the Swiss brand’s latest Pure Gold line.,https://www.forbes.com/sites/bluecarreon/2025/10/12/la-prairie-goes-for-gold-with-its-new-skin-care-collection/,Positive,0.6
Forbes,"Meet The World’s Top Companies For Women 2025. The 400 global corporations that top our annual list provide female employees with flexibility, generous parental leave, competitive pay and career advancement opportunities.",https://www.forbes.com/sites/rachelpeachman/2025/10/14/meet-the-worlds-top-companies-for-women-2025/,Positive,0.9
Yahoo Entertainment,"High Growth Tech Stocks In Asia To Watch For Potential Expansion. Amidst cautious sentiment in global markets, with key indices like the Nasdaq Composite and Russell 2000 experiencing declines, Asian tech stocks present a...",https://finance.yahoo.com/news/high-growth-tech-stocks-asia-043803382.html,Neutral,0.1
Forbes,"Think A Stellar Performance Review Will Get You Promoted? It’s Too Little, Too Late.. Top performers assume a glowing review guarantees advancement. But most miss the hidden promotion window. Here’s how to stay top of mind when the real decisions get made.",https://www.forbes.com/sites/renessaboleylayne/2025/10/27/think-a-stellar-performance-review-will-get-you-promoted-its-too-little-too-late/,Negative,-0.7
