id,platform,url,saved_at
410b016860ba8dce826ff947b8dd7d7d63e062510eeeece262a1df93e0564064,newsapi,https://biztoc.com/x/d3304a0ea0424789,2025-11-03T18:53:46.888905+05:30
0c89c70cb180f2ee2fe9803fd2a0c7c01c8d2cac619c216be9ea35640cee8706,newsapi,https://biztoc.com/x/dcb844bf1c3b5e52,2025-11-03T18:53:49.149509+05:30
700d04993d93c506928c362d33d883255c3597e57f587f699b3b68b843c4eeb8,newsapi,https://biztoc.com/x/6bbf1dc7bf983b9c,2025-11-03T18:53:51.607375+05:30
94f486271220a16dcf01ea8720442db69c6906bd67069a856a138919b8b9c9bb,newsapi,https://decrypt.co/347138/crypto-prices-slip-us-jobs-data-bessent-flags-rate-risks,2025-11-04T09:30:23.884592+05:30
0f5a398d7b781f6e8c522e8fe8c8c3426d094a0c66d412d87e3d4af42cb1f17e,newsapi,https://coinjournal.net/news/bitcoin-holds-110k-as-cautious-calm-returns-to-crypto-markets/,2025-11-04T09:30:26.741248+05:30
d47b39cad1ef0f1e04feb6c73ec276d5c56e76226ff05d4b8689cb89686c1e03,newsapi,https://line25.com/articles/plinko-casino-sverige/,2025-11-04T09:30:29.473905+05:30
08e06111f46717a4dc2f94e87b635e55e2a5873d3d6b578538f029e5c3d9da97,newsapi,https://www.thestar.com.my/news/nation/2025/11/03/msias-ree-processing-head-start-safeguards-mineral-sovereignty-says-chang,2025-11-04T09:45:33.773655+05:30
ce447c3ba1855b1f20e99ae72cbbef1087b6de9e0f053fbc7beefdee6c1ad2eb,newsapi,https://www.sammobile.com/news/galaxy-a16-5g-android-16-one-ui-8-0-update-usa/,2025-11-04T09:45:37.568899+05:30
a522c703d22cca2d529f787d0d46fe0cb91ba6c3d219bd5d2504407796c92e8d,newsapi,https://economictimes.indiatimes.com/markets/stocks/news/sensex-slips-over-250-points-nifty-dips-below-25700-as-private-banks-fmcg-stocks-drag/articleshow/125046343.cms,2025-11-04T09:45:40.428757+05:30
d08cdb2d75a77eadd873547fe75c96e0b5e3395c2a5de1d42720cd6ed52c816a,newsapi,https://economictimes.indiatimes.com/markets/expert-view/motilal-oswals-aum-jumps-55-yoy-housing-finance-amc-and-wealth-units-drive-record-profits/articleshow/124994637.cms,2025-11-04T09:45:42.884978+05:30
ac6c0477c56b84d3f15eabd84968ffb51e245b07fdd455c15f4c2715f34ced65,newsapi,https://www.thestar.com.my/business/business-news/2025/11/03/building-a-firmer-foundation-for-advertising,2025-11-04T09:45:45.652099+05:30
4c96b7ede121939f1d10511e728c64df19256899982b6c6e61b5fc51a1a6094b,newsapi,https://slashdot.org/firehose.pl?op=view&amp;id=179945968,2025-11-04T09:45:48.109957+05:30
8c32c5222486d7aea744abb5f466d3aec64ee93daddb131d0b6b1b4e0d73d686,newsapi,https://economictimes.indiatimes.com/markets/stocks/news/banking-pot-is-something-hot-brewing/articleshow/125046009.cms,2025-11-04T09:45:50.361126+05:30
0bac4bc6d4171ab90a21f08dd4ca976c85fc9ff69875730c40cd9f8c0f6f847b,newsapi,https://economictimes.indiatimes.com/markets/stocks/news/bpcl-shares-in-focus-after-q2-pat-soars-170-yoy/articleshow/125045976.cms,2025-11-04T09:45:57.735796+05:30
77b3dbd47ca6ff353c4e25a0d4c14471ac21ccaecda88a2abeab704bb01362e3,newsapi,https://www.foxnews.com/world/uk-politician-jeremy-corbyn-who-ousted-over-antisemitism-allegations-shows-support-zohran-mamdani,2025-11-04T09:46:00.604275+05:30
9fe401f633ce802bd003b46e0fc6c82d47a9835b1854001db2d7e76713fe81b8,newsapi,https://www.thehindubusinessline.com/markets/read-news-behind-these-automobile-stocks-indusind-bank-hul-beml-dredging-corp-titagarh-rail-railtel-lancor-holdings-zaggle-au-small-finance-bank-and-lemon-tree/article70232914.ece,2025-11-04T09:46:03.674593+05:30
2f902a7ad755424c144d10226bc38c09931b5875f1b510b8c28eab35ed4e3ef4,newsapi,https://www.thestar.com.my/news/world/2025/11/03/brazil-kicks-off-cop30-climate-events-in-year-of-distractions,2025-11-04T09:46:10.233706+05:30
583c7ee8e609322a253a285629af0cb54559e1d42d096242dbc5ad7e955969df,newsapi,https://www.thestar.com.my/news/nation/2025/11/03/govt-to-refine-targeted-subsidies-for-essential-goods-says-deputy-finance-minister,2025-11-04T09:46:13.098133+05:30
3529871d4750698677cd817e8053cd9730e37e35a5c6fb04b7c334a3665354fc,newsapi,https://finance.yahoo.com/news/invested-10k-umh-properties-stock-030106180.html,2025-11-04T09:46:16.030335+05:30
69898a60b0dac0b177e4bc05350f2c891575eb1ffe59b7311f19680c831a9ff8,newsapi,https://m.economictimes.com/markets/stocks/news/manappuram-finance-bandhan-bank-among-6-fo-stocks-with-a-sharp-rise-in-futures-open-interest/futures-surge/slideshow/125045679.cms,2025-11-04T09:46:18.625934+05:30
38c0b6d652d957414bc6fc21eade9bd3c068593d04aa9abc612cc54119fe6167,newsapi,https://www.zdnet.com/article/ai-is-becoming-introspective-and-that-should-be-monitored-carefully-warns-anthropic/,2025-11-04T09:46:22.004858+05:30
7412e37feecce41a88fdeb0defafa70a7dbac7230e07f3dc9c2dd5020c1a8330,newsapi,https://nypost.com/2025/11/02/us-news/20-reasons-to-vote-against-nyc-mayoral-frontrunner-zohran-mamdani/,2025-11-04T09:46:24.937474+05:30
7ff893b7461fe87ab0fa9d524db0860c939ba4c4f1d27909bf26a7557ccccd75,newsapi,https://www.globenewswire.com/news-release/2025/11/03/3178830/0/en/Faraday-Future-Appoints-Chris-Nixon-Cox-as-Global-Strategic-Advisor-to-Accelerate-Global-Expansion-of-EAI-Crypto-Strategy.html,2025-11-04T09:46:27.287958+05:30
d9e803a063d87b5b804b42f4e374b20909680560b4d68f584d9a9d67a444586f,newsapi,https://beincrypto.com/ethereum-now-holds-165b-in-digital-dollars/,2025-11-04T09:46:29.135159+05:30
f9fecaaf3d97ded4e2d57da5f61cd8d60601ab682630fb2081fcbafd8db223c9,newsapi,https://english.khabarhub.com/2025/03/504069/,2025-11-04T09:46:31.183254+05:30
d37fccc15003c3f088870425ab6419b23e6796af29064925a5a407762162ea01,newsapi,https://beincrypto.com/forget-mbas-japans-banks-are-hiring-math-phds-and-ai-wizards/,2025-11-04T09:46:40.752688+05:30
37ef25edd2d1efd36cf2c385734560da4b35c6666a0d6390a07c8d8beefc0956,newsapi,https://www.trinityp3.com/podcasts/balancing-tradition-and-evolution-at-bega-foods/,2025-11-04T09:46:43.301842+05:30
390dca3ca5c33cb3c7081fee5c16ab1010595f1571b0b53a0d11e0679d9f3db5,newsapi,https://paultan.org/2025/11/03/budi95-first-month-over-13m-users-rm800m-in-subsidies-paid-0-6-of-drivers-exceeded-300l-limit/,2025-11-04T09:46:45.868319+05:30
a060c9e79b0c7245d6090dcd1611d2770f633a308111cacb4493ddb7a94b3497,newsapi,https://cointelegraph.com/news/aster-token-surges-after-cz-buys-two-million-tokens,2025-11-04T09:46:48.629195+05:30
e3914bdc4bfee77fb803c7004f81aa2dd0666a3139c59791ce8c34270612ec7a,newsapi,https://biztoc.com/x/8153d5c9de59b578,2025-11-04T17:49:17.108715+05:30
6e706f3c9fc3ba2bb90492ecba5cd36fc91d878e514c0655201ac50830dc14dd,newsapi,https://biztoc.com/x/d89e073cd262d569,2025-11-04T17:49:19.313750+05:30
2f2a294d6393faded9033d64adf4a1229e79f0e200a7f0fe69199bc54696c430,newsapi,https://hip2save.com/deals/walmart-vaseline/,2025-11-04T17:49:21.550573+05:30
f4a6b3c6530c8e07b3c61879e958d90bd462e17bee54ae34fcbc6a0812038b76,newsapi,https://biztoc.com/x/940ffc6b82c741c1,2025-11-04T17:49:23.764504+05:30
f2d81bf5a5de0c35e3ee2c059a8380cdb9633603bb6771d5f3059b072bfb4097,newsapi,https://biztoc.com/x/d66c2aa3c0f8fa34,2025-11-04T17:49:28.900824+05:30
8a336b9752ed8423339d2d2beef9a32c279299d12a956487867d8e2c33dfe4a6,newsapi,https://biztoc.com/x/4c4d59fabd6f5358,2025-11-04T17:49:30.824183+05:30
e1feb01ef7ce247d44c97b4efcb7500de6a240d2e39f98ca77c3c46a5fa05d99,newsapi,https://biztoc.com/x/89b4c1d897b9d14f,2025-11-04T17:49:37.051216+05:30
2731db2b0604c482fc6400e3152fff0afae1e92701c81b3f8a45254f59e160bf,newsapi,https://biztoc.com/x/04f998669df1e5af,2025-11-04T17:49:38.952809+05:30
1c45cfd48fef73064989efa3cfe3388c3faa0ced3abc69089a0326585103e6ac,newsapi,https://www.espn.com/college-football/story/_/id/46784425/college-football-journeyman-qbs-four-players-15-schools,2025-11-04T17:49:41.254631+05:30
d70d09105f27f3edc2ab336a0c528d229940b3ce6522536855e2e2971aaa606c,newsapi,https://biztoc.com/x/84ac72c316c74a23,2025-11-04T17:49:43.319655+05:30
bfe621bd2689abf7a5fd058cd4c69c1dec07985bcbae2dcaac9adea21265244b,newsapi,https://biztoc.com/x/6981aabc4c4e1b99,2025-11-04T17:49:44.811396+05:30
d095abfb4e2c93628f947c42a36d65446223d6785fc12c398ad1269aa584f6ae,newsapi,https://biztoc.com/x/180422954695825b,2025-11-04T17:49:48.665610+05:30
f73ee2df3f6496387785cd0ba6cdde9895014869ca8190589c47ba631c2da2b0,newsapi,https://biztoc.com/x/7700d3e19dc52149,2025-11-04T17:49:50.850884+05:30
d67d2db8f06b2a5ff1c45575eb3d2902b6ea48b18f63c737e1b377953e0f94a9,newsapi,https://biztoc.com/x/07883c03270a6007,2025-11-04T17:49:52.819614+05:30
beaea321b149371a4c214abed0de9e908ac905a668915eca48cc4d2705d4c210,newsapi,https://biztoc.com/x/5ba62bdb4634b4d4,2025-11-04T17:49:54.968896+05:30
1201117212bc61deee3d6c7a953b2f8a18dd1ab76522037de38815e7d3d6bb41,newsapi,https://biztoc.com/x/a19000207fd40eb3,2025-11-04T17:49:57.209254+05:30
9127af147479b91e39b2e6c5eeda86969377c2972da839fcbdac986cfc7ffaf7,newsapi,https://biztoc.com/x/653b05842efbe49b,2025-11-04T17:49:58.031089+05:30
f95cceb1853f41c66a4b01028a0938c0b841628a291400da5d2d45c366c9d765,newsapi,https://biztoc.com/x/cc0f87a1f3994302,2025-11-04T17:49:59.068288+05:30
74286436dc2b5adf5e13f450255f348fe4e0716b16a61932ef0d9942ad4ef8d8,newsapi,https://biztoc.com/x/479b470099043df7,2025-11-04T17:49:59.916313+05:30
dd69c215cccd70eda6338224dafd8f379741879e82937cd029ff31327f659758,newsapi,https://biztoc.com/x/4817b0b2153a693d,2025-11-04T17:50:00.723909+05:30
5e6e99f63c732b99346967e1a51b61cdf6d4e28b4a3f612dbe53dc5820924317,newsapi,https://biztoc.com/x/224ac0fa5f2198b8,2025-11-04T17:50:01.553831+05:30
72d4e2751e5ce063da0508eccb50bf5d960b2a5c04d437a1aa68a0b783690d73,newsapi,https://www.coindesk.com/daybook-us/2025/11/03/bitcoin-drop-may-be-warning-for-stocks-crypto-daybook-americas,2025-11-04T17:50:02.368112+05:30
1a249f541a337d93202f5d8f79e45b04fd24ed79b3699456fac2e95734edb080,newsapi,https://biztoc.com/x/e4a856298c908fbf,2025-11-04T17:50:03.168865+05:30
e50dd112d6330a5f83f4b3424362f1619f19ff459b5c597e3c51e2e7c684bbb0,newsapi,https://biztoc.com/x/b73bf41f0ebdff21,2025-11-04T17:50:03.963412+05:30
e306bb69ebcf2c2a0d4192d628aec9b89b3aa13fea7b5c069de039fd5d7e782c,newsapi,https://biztoc.com/x/e62dbd6e1479f948,2025-11-04T17:50:04.954782+05:30
a3327b72f54cd14efde421b7d4eca4b8278f14edc8276ed79a60aa076e8971ad,newsapi,https://finance.yahoo.com/news/germanys-zf-plans-furlough-workers-121147798.html,2025-11-04T17:50:05.920380+05:30
4309d7b95ed0ad49541cfa9644219401312478f7c058bc43f35fd2edeade51b0,newsapi,https://adactio.com/journal/22228,2025-11-04T17:50:06.901822+05:30
dc3dd334b52d3ab43f9c636a2589f9f2f56fad44ca04036f321e9e64b311526d,newsapi,https://www.globenewswire.com/news-release/2025/11/03/3179119/0/en/FERRARI-N-V-PERIODIC-REPORT-ON-THE-BUYBACK-PROGRAM.html,2025-11-04T17:50:07.874065+05:30
42fa30d9fcc4ff51c8625bc7598f5a7f7e12e3d6bf32b20aa7a4a3a72c371d87,newsapi,https://www.globenewswire.com/news-release/2025/11/03/3179121/0/en/Cipher-Mining-Provides-Third-Quarter-2025-Business-Update.html,2025-11-04T17:50:08.916280+05:30
6732776a76c113cc6626d97a98fb3a66e7e0097657e33dc9fe3b02ea614d1a2b,newsapi,https://thefly.com/permalinks/entry.php/id4227805/CWD-CaliberCos-files-to-sell--shares-of-Class-A-common-stock-for-holders,2025-11-04T17:50:10.046660+05:30
d1ae6bbcda1751480d1cbd798efa59599c4598f6018de75f2a3299de112f4554,newsapi,https://financialpost.com/globe-newswire/teck-highlights-progress-on-quebrada-blanca-ramp-up-pathway-to-full-potential-and-value-delivery-to-shareholders-from-merger,2025-11-04T17:50:11.173453+05:30
e184b6933e65658c7a8e4e5c7976cbb324871dfcd9eea53e88e1abd112402527,newsapi,https://www.globenewswire.com/news-release/2025/11/03/3179115/0/en/Vertex-Announces-Third-Quarter-2025-Financial-Results-and-150-Million-Class-A-Common-Stock-Repurchase-Program.html,2025-11-04T17:50:12.198703+05:30
28148098cedfcd8a0e5f7e9be3440f3da775c421cdbc77cf805d567d635b5653,newsapi,https://freerepublic.com/focus/f-news/4350371/posts,2025-11-04T17:50:13.323340+05:30
0987fc679cf8c8bf304bfdd60ce0d6cea94f5913b2b3d4c587f408d0690348af,newsapi,https://biztoc.com/x/febea652af7b8760,2025-11-04T17:50:14.450190+05:30
6f7a21e74f898a3e9b0c4ba3c4f6baffd3cfd8492155aeda13ca27186567d7b9,newsapi,http://www.newsbtc.com/analysis/eth/ethereum-bounce-reaches-resistance-105k/,2025-11-07T09:14:13.178785+05:30
99d6f19537b7195dab1328477647ee68b004620f54a3cfecf159f129ebd6047b,newsapi,https://bitcoinist.com/crypto-firm-dwf-labs-lose-44m-to-north-korean-linked-hackers-report/,2025-11-07T09:14:15.836025+05:30
7aa0c973ad524c3d5b957c877ae6ef6d29b3dfd1579e83cf8894a055cfeb292c,newsapi,https://decrypt.co/347537/appeals-court-rejects-lawsuit-alleged-354m-bitcoin-loss,2025-11-07T09:14:19.112594+05:30
1208a3fc33a1b6d825b9b7932ccdac89b41394bc56571251be5d7c7c50b080fb,newsapi,https://economictimes.indiatimes.com/news/international/us/us-stock-market-rebounded-sharply-today-what-is-fuelling-dow-sp-and-nasdaq-rise-amd-seagate-micron-and-western-digital-hit-record-highs/articleshow/125121405.cms,2025-11-07T09:14:21.987443+05:30
11634ebfc869153d7122309e0d8a65d80c34d6c80812ff6bf5c92b8286d6a057,newsapi,https://biztoc.com/x/2ab79c95e11babf3,2025-11-07T09:14:24.646424+05:30
1f2441649a39e2a8c7994b6a2848d641a1ecb721997d4cb681c1a3b2790af993,newsapi,https://economictimes.indiatimes.com/markets/cryptocurrency/bitcoin-shaken-by-long-term-holders-dumping-45-billion/articleshow/125121141.cms,2025-11-07T09:14:27.510219+05:30
0758b3e22f87101b56c60a78b4484a5f7773a64bac64ceb305660bcf53a55a7f,newsapi,http://www.newsbtc.com/analysis/btc/bitcoin-recovery-lacks-conviction-105k/,2025-11-07T09:14:30.793665+05:30
e20095bd047d435d84e18e697f96772b33108a2028ed532e6634f7b70281973d,newsapi,https://biztoc.com/x/fdc6457e38395a15,2025-11-07T09:14:35.599024+05:30
f2705c8608252eb3cbe342516a479400461a6241a5229922120cce194c3dc917,newsapi,https://www.coindesk.com/markets/2025/11/06/how-deep-are-bitcoin-traders-hedging-after-recent-price-dip-below-usd100k,2025-11-07T09:14:38.473900+05:30
5d4bc3b922f85b347df85e13873aec408648708c6c8f8dc4700028e0d5441b4c,newsapi,https://bitcoinist.com/bitcoin-accumulation-hits-record-high-despite-fear/,2025-11-07T09:14:42.664619+05:30
d706be45e67415241eedce5f64e69a99c60ce61adc28e3f49acff71af5241976,newsapi,https://ambcrypto.com/will-bitcoins-largest-etf-withdrawal-since-july-deepen-btcs-crash/,2025-11-07T09:14:45.224408+05:30
dcb7f98ed8f1da700d4f6f027fe9fe602b53da65bf1d778826a3182f5491e77a,newsapi,https://line25.com/articles/how-to-enjoy-online-casino-online-games-reveal-expert-guide/,2025-11-07T09:14:47.990227+05:30
9f8aebdee26b8934dd31e83bb4d9ad50c8aa98655f83580b85588da59a0baab2,newsapi,https://line25.com/articles/mostbet-cz-casino-oficialni-stranky-prihlaseni-the-sazky-online/,2025-11-07T09:14:50.856671+05:30
815dfe9db4fa75eca2fd165cfea12e6d350fc419b0bf27a40a5716e693b12639,newsapi,https://biztoc.com/x/b3dd29f91230a048,2025-11-07T09:14:53.108640+05:30
deb64adf52cd0ad99997541c94a86c153040f24687ae7f608efab6a37fcf4106,newsapi,https://biztoc.com/x/65868beeded6edf9,2025-11-07T09:14:57.103475+05:30
7db08ded25bbb66b86584535764fd9248a3416e636d3f299da5ebf7b04a329ae,newsapi,https://biztoc.com/x/ba3fcd3e004b27fd,2025-11-07T09:15:00.073170+05:30
778e1d8b90f8d3f411720d7b3b2d8230e86191dbd1d389a3b469c91fa0a0fa1a,newsapi,https://biztoc.com/x/e6ed14cb7754b38e,2025-11-07T09:15:01.709983+05:30
b64eb1fbf2de8343876b65639236d3f2ffa85e80886afb9a2ce959141912262a,newsapi,https://biztoc.com/x/f5b4131c4afd1450,2025-11-07T09:15:03.143652+05:30
cc2b5721c8dbb6fc8d6afe4f7a042adfc81a76e1680cda849b9f3820e7991752,newsapi,https://biztoc.com/x/764382bc04dfdffe,2025-11-07T09:15:04.892977+05:30
6a2b44575eb6d7550a2e67b4a11f2b122b43b489ce22e99b5644ebb5dcbf473e,newsapi,https://biztoc.com/x/07f5182e15d5ca54,2025-11-07T09:15:06.522627+05:30
477364b5c80c74ac7e99007f2509e842844cfc6c83daafef336f4b4ac392fc48,newsapi,https://biztoc.com/x/a25e7bbbfce68eea,2025-11-07T09:15:08.161267+05:30
0212ff74eba49bebbcc11423be293aa40de30b0bdeb5c693f4d60f3cbb9c641f,newsapi,https://biztoc.com/x/70e6042ab5c5c1be,2025-11-07T09:15:09.902558+05:30
5d6088f14c122f96e819e328f5793661d9959dc9fd1b6c57c7dc6e67f9dd1d1a,newsapi,https://biztoc.com/x/cb56c51e9183da56,2025-11-07T09:15:11.044662+05:30
b9e435b0eadad7910b217d369ae122a1fe3fbfb20dbad2d5eb2a4fccebf3cc8b,newsapi,https://biztoc.com/x/8218ce5c81d930d4,2025-11-07T09:15:15.228563+05:30
4f691782cbbf45f55a1e10aeeb4a1606804d0f2f6a6b2599297558f6ae712fb5,newsapi,https://biztoc.com/x/f63282f4cedd444f,2025-11-07T09:15:17.172846+05:30
b5cb8a92628730125f91642176226cc67148ff30223048678b2f41260afb36a5,newsapi,https://www.cnbc.com/2025/11/06/cnbc-daily-open-even-a-supreme-court-ruling-might-not-spell-the-end-of-tariffs.html,2025-11-07T09:15:20.877209+05:30
f3c14447aa5987adc0892d010938a340fc3dc79c90af980413f96fb6fa460977,newsapi,https://biztoc.com/x/620bb696fb3e9c0f,2025-11-07T09:15:23.420741+05:30
7226eeba794d9f6ad878426cb099be34f8390258094b6730e1c794880fb435c8,newsapi,https://biztoc.com/x/f431dcaad8c97bea,2025-11-07T09:15:26.072331+05:30
afc966ae729ca892ec694578a55c67538e327f98a833b8f68fd2d1660d0134e7,newsapi,https://biztoc.com/x/e369339fd8d01881,2025-11-07T09:15:28.129285+05:30
f6d8bfb40904b475c31c099a38e165b9612712fb9619041a0ef19caa0cb08778,newsapi,https://biztoc.com/x/2c856d0f189696e6,2025-11-07T09:15:31.714714+05:30
dc1136000f86c37fae398dcbc3da15e1db3e297f910f0e344dbd4228a3eff212,newsapi,https://biztoc.com/x/0abfde46180e34a3,2025-11-07T09:18:15.967003+05:30
f1e4462eebde34f322bbf4badfb56d7899e59492fd5dd259ba692651407cc5c8,newsapi,https://biztoc.com/x/9e5f6f95ddb11a9c,2025-11-07T09:18:18.526951+05:30
cb55e3c8f6a1f28068a34880cf2fca38900ceb38aab22c0c393f00e5d41c660b,newsapi,https://biztoc.com/x/68c822025eb4fe04,2025-11-07T09:18:20.872344+05:30
a7835213e73817dbde0a30c66f913893f441c87518a560741ae5b4cd14cda56c,newsapi,https://www.globenewswire.com/news-release/2025/11/06/3182126/0/en/Cipher-Mining-Inc-Announces-Pricing-of-1-4-Billion-of-Senior-Secured-Notes.html,2025-11-07T09:18:24.268265+05:30
3f3244adca710859a064f1cb7ebd524c2777090dcd7383970e81ab7274605063,newsapi,https://biztoc.com/x/f87ca0fd34107bfa,2025-11-07T09:18:26.718150+05:30
87ebe162c5fc293dbd3d3b0d2f9f3028bc3a5aca50957901d131c781b5eeb341,newsapi,https://biztoc.com/x/846100635ce5bd26,2025-11-07T09:18:29.064666+05:30
3351f2ac67b0c14f4e2de0ab680b0fb8108d46273eba3e4cc2ea4faa4c9452ed,newsapi,https://biztoc.com/x/7bb633772004f1aa,2025-11-07T09:18:31.333697+05:30
750b1d063b122d01b274f029908c2923299cf4255722efbd33c7423bd7c151ab,newsapi,https://biztoc.com/x/50f0928e030b9bae,2025-11-07T09:18:33.886304+05:30
3989227075c192d556c1734ee37c47d47ecf2335fc90b9533e85136e7fdfb7ce,newsapi,https://biztoc.com/x/d126c48272c06148,2025-11-07T09:18:36.248933+05:30
37b46f1543978b43efc7682e047eedf67c864fc5ecf8058f7e55c938b067ee11,newsapi,https://biztoc.com/x/8a68d0bf253e7f03,2025-11-07T09:18:38.809143+05:30
3033171e071754465dc351cd44cd7073e5ad97888631d7912c1a1fb6776a3181,newsapi,https://biztoc.com/x/34083d6695845c00,2025-11-07T09:18:40.344637+05:30
a17ff0e87ae11d1d69d518f5a118df7a8d2cff52c5f7b8eaf4dd80bed0300fe1,newsapi,https://biztoc.com/x/c1a45b2db0dae82a,2025-11-07T09:18:43.000577+05:30
a05b1bed9787277131bacd6f1db9c58e15812093651e868763c71a38057040c9,newsapi,https://biztoc.com/x/320c77e0006d0e57,2025-11-07T09:18:45.483724+05:30
4d74c242f08dba34c6b0e68a5e20120e65caf5a09757d27d87276db723dfbcf9,newsapi,https://biztoc.com/x/5cacec48c78a76b1,2025-11-07T09:18:48.120070+05:30
8dff1af23dfe5af3571d32fd6658090ab8e7f297e75afa17a2266fd3783c875d,newsapi,https://biztoc.com/x/b6ed4b6bbfb7e748,2025-11-07T09:18:51.499242+05:30
837e1c6e65f985e0416d62e031110ff95a8936ed142eaab2c8597a91ac75538c,newsapi,https://biztoc.com/x/c26a63a456a5ed0a,2025-11-07T09:18:53.854468+05:30
5c7dab8b01e12f80a6fe749a45faa31f3c7f421a8d61f14a73fe0931c72b1591,newsapi,https://biztoc.com/x/67889819f0252e37,2025-11-07T09:18:55.403949+05:30
cbcc7fec0f9e0489653e1542ca544c91f72116d698eca13b562f5c65b335c087,newsapi,https://biztoc.com/x/4b2b6d2083b15326,2025-11-07T09:18:56.515525+05:30
cf8f96e69680579386ca6967ae6d0c09340ab49dfa0c7ad53e06d94ac85a2366,newsapi,https://www.globenewswire.com/news-release/2025/11/08/3184064/0/en/BexBack-Unlocks-No-KYC-100x-Leverage-With-New-100-Bonus-for-Beginners.html,2025-11-09T21:07:47.935731+05:30
925ce8c32d6eeb36c99703754e7ce681b38e3358fc632bc3d1566770db24ff3d,newsapi,https://www.coindesk.com/policy/2025/11/08/state-of-crypto-sbf-somehow-had-another-bad-day-in-court,2025-11-09T21:07:51.030009+05:30
5bbd5b069c434cf0f2d748a384e3e6dfef74c571c8f6239c1d29b49a2535deb2,newsapi,https://beincrypto.com/bitcoin-declines-leave-major-crypto-treasuries-reeling/,2025-11-09T21:07:54.012778+05:30
a8eeae9e38263dec681532f80dde7aae5bc7c3b64bacdd52418c87966f972fc9,newsapi,https://decrypt.co/347880/cardsmiths-new-currency-cards-include-over-500k-bitcoin-dogecoin-ethereum,2025-11-09T21:07:56.968626+05:30
06f25e0be17236239a6af04b2321786297c276520a4ccf22563520e105d0dc8f,newsapi,https://cryptoslate.com/zcash-soars-1486-in-3-months-and-reaches-highest-price-since-2018/,2025-11-09T21:08:00.358460+05:30
ed9d201b49530f7689fcb71f1da51b770d57e4a2a8dba5ffc50bbd0d963a7ee9,newsapi,https://www.coindesk.com/opinion/2025/11/05/long-dats-short-futures-a-new-wrinkle-on-the-basis-trade,2025-11-09T21:08:03.419672+05:30
c104b67f7894f4468e8d5ae814657fb4a743a82ba31bbaa6c0aa73f297e3b46b,newsapi,https://biztoc.com/x/efa500c15044917c,2025-11-09T21:08:06.697537+05:30
2dfd350dc6b7ab9f4738e34b4990e7dcf0f36395f577a473bc5f50c5063b29b4,newsapi,https://www.globenewswire.com/news-release/2025/11/08/3184059/0/en/Balvionex-Unveiled-How-Balvionex-Introduces-Advanced-AI-for-Real-Time-Trading-Efficiency.html,2025-11-09T21:08:09.768094+05:30
2ef39e66b508f7dfc225b1e6bfdca55b61797e615cf0368fd6e19ff6c0204a54,newsapi,https://www.coinspeaker.com/bitcoin-4-year-cycle-is-dead-heres-why-bull-run-is-not-over/,2025-11-09T21:08:12.844449+05:30
e80d85bec87aefd565fd3cc16aa8f4ed40c0ac9a753165ab991eaa150e4156b2,newsapi,https://247wallst.com/investing/2025/11/08/bitcoin-to-75k-or-125k-this-is-where-it-is-heading-next/,2025-11-09T21:08:15.913928+05:30
506fcc34c90facf8fc8090976184e57b9ab97d10b7cafa892c206becf32edd2c,newsapi,https://biztoc.com/x/a6bfe25147bc4a17,2025-11-09T21:08:18.378002+05:30
1de790922893bfc681ae1abf50af262669b40980aae70d66c61129ace360bfe9,newsapi,http://www.newsbtc.com/news/bitcoin/bitcoin-may-launch-recovery-to-120000-if-this-condition-holds-details/,2025-11-09T21:13:03.957711+05:30
30ab46dd6d4b868a96cc3ce11dd983c3c6c96120a953f0cd8e4d9f55ca97dbeb,newsapi,https://www.coindesk.com/markets/2025/11/07/bitcoin-whales-vs-everyone-else-and-the-whales-are-winning,2025-11-09T21:13:06.925811+05:30
b9b8cc7040aca5a0d67993b187db6d425cb32778a0d0b42b73ead68be2ce8c95,newsapi,https://cointelegraph.com/news/pakistan-rupee-stablecoin-crypto-regulation-25b-loss,2025-11-09T21:13:09.692952+05:30
26e25f5207d1c29a817f4ba36741cf4c604028f5acc57765596a9e0d9982be63,newsapi,https://cryptoslate.com/privacy-on-trial-as-samourai-wallet-cofounder-lands-in-jail-for-writing-code/,2025-11-09T21:13:12.356271+05:30
e98e5bce371559bfae252200d2187f526ebf2ca84f3426cbe204b91dafb4dcec,newsapi,https://finance.yahoo.com/news/asked-chatgpt-where-bitcoin-headed-125106005.html,2025-11-09T21:13:14.848095+05:30
eb7ce9e1ed24266c237ccebf33bb9207a88bb7a3a647156b823bb0820bab555f,newsapi,https://cointelegraph.com/news/arthur-hayes-zcash-second-largest-holding-maelstrom,2025-11-09T21:13:17.525471+05:30
9c049c08522e8e98235e848d9539b0ad8e95b8d81884085ad754358690d03e51,newsapi,https://www.coinspeaker.com/gold-is-difficult-to-verify-cz-pokes-bitcoin-critic-peter-schiff/,2025-11-09T21:13:20.235982+05:30
2cac2e6ae472adcad9ae316a9d61ff0ddb29787a7f8ee842bae2c6f7082759ef,newsapi,http://www.newsbtc.com/altcoin/sell-your-house-clothes-and-buy-xrp-solana-execs-wild-advice-goes-viral-92/,2025-11-09T21:13:22.797291+05:30
e9e04178a1bdc6844f4e41cd90235dbd8a3e1c42a93687f101373ab3c3e230fd,newsapi,https://ambcrypto.com/jpmorgan-doubles-down-on-bitcoin-with-343m-btc-bet-details/,2025-11-09T21:13:25.462974+05:30
68cf76314d48c1cca46a2d6d32e8495011324dab7ddf3134dcf52312cfa65ebe,newsapi,https://blockspace.media/insight/bitcoin-mining-news-cipher-lands-5-5b-aws-lease-iren-inks-9-7b-microsoft-deal-and-public-bitcoin-miner-q3-earnings/,2025-11-09T21:13:28.223252+05:30
ed9502f7f847efdd21056a95ad5c9196140c602f908fdb2a60e392f1004459d2,newsapi,https://coinjournal.net/news/bitcoins-100000-level-turns-from-milestone-to-market-stress-point/,2025-11-09T21:13:30.882563+05:30
123d3d9d4d36be59343aadaf347da17fc4e50874735246a034dd948da0fdf49b,newsapi,https://cryptonews.com/news/bitcoin-miners-face-squeeze-as-hash-price-nears-break-even-levels/,2025-11-09T21:13:33.652969+05:30
4afaf6207d680575a6e36b3dbfd8726afc9835fe7b2a58f46757e026b4dc6f5f,newsapi,https://cryptonews.com/news/trump-backed-american-bitcoin-expands-holdings-to-4004-btc-worth-415m/,2025-11-09T21:13:36.286563+05:30
6414a159c7e521e3271eabb818fa9e415a92d319f96982b9fdb392229ed7ad44,newsapi,https://cryptonews.com/news/crypto-treasuries-take-a-hit-as-month-long-market-slump-erodes-balance-sheets/,2025-11-09T21:13:39.039866+05:30
483b8b6581f1968b54d5e67580ad35922eecef40bbe8238467af9d1e8fe90721,newsapi,http://www.newsbtc.com/news/ethereum/ethereum-price-surge-to-5500/,2025-11-09T21:13:41.522905+05:30
d8e78f5362f738be7794502e80ec3a88820dc2736da4a53cfa5afc7df99c82fe,newsapi,https://cryptobriefing.com/zcash-second-largest-hayes-maelstrom-portfolio/,2025-11-09T21:13:44.143533+05:30
ad9295b8605c55137a707f6b01d2136dc1c8ac6e90003ff60c5e33de095e85b0,newsapi,https://bitcoinist.com/my-first-bitcoin-announces-global-expansion/,2025-11-09T21:13:45.737089+05:30
37c20709617a49653ef7786e10430871ae352a7aa7f32445f0b8bf6990ddcf79,newsapi,https://economictimes.indiatimes.com/markets/cryptocurrency/crypto-news/stablecoins-are-like-email-in-a-fax-machine-world-andy-mukherjee/articleshow/125181038.cms,2025-11-09T21:13:48.747125+05:30
781650a9fa8f593784375ed8cb01e2965654bd6c76b29c69613e5bc617108daa,newsapi,https://cointelegraph.com/news/ark-invest-bitmine-tesla-trade-november-2025,2025-11-09T21:13:51.369202+05:30
c1707ea557019fadc8024b9fb9ee679461b09aac7440ced8fe317b67ad29b4d6,newsapi,https://beincrypto.com/bitcoin-survives-100k-crash-test-what-next/,2025-11-09T21:13:53.830953+05:30
de6c4cf545b9bfdf90498fe42b5a68c008c41781ec326539910de8036c16d9ed,newsapi,http://www.newsbtc.com/news/solanas-etf-era-could-redefine-its-position-in-the-crypto-hierarchy-report/,2025-11-09T21:13:56.590760+05:30
fb0fd8dfc694b2ccc28df7d8d53c5c76f06290519a50bb20205776c656be2d34,newsapi,https://bitcoinist.com/bitcoin-stir-52-billion-old-coins-revived-this-year/,2025-11-09T21:13:59.301802+05:30
00dd985b9f471bcd13c51a372e02b132acbe4c3d4811e148be20a28b48c2d90e,newsapi,https://cointelegraph.com/news/mev-bot-trial-ends-in-mistrial-after-jury-deadlock-on-brothers-verdict,2025-11-09T21:14:02.117635+05:30
86f937d5b3aa610d7e0d5528a6cb3ee9808ded1cb6d447029e3d72e4d70a748c,newsapi,https://cryptobriefing.com/ethereum-bitcoin-third-largest-etf-outflow-507-million/,2025-11-09T21:14:04.786258+05:30
8f1a734c536688de0b3a4e6b13874b6b4ccee76e584f9b6d8c1b456e1f6e3725,newsapi,https://apnews.com/article/2026-election-utility-bills-ai-data-centers-13703f61d1397612fd067e69b9093116,2025-11-09T21:14:07.346566+05:30
42708800d16088c202e84b1215c080a7f9948228d8807cf9609a370d5d73ce13,newsapi,https://bitcoinist.com/bitwise-to-debut-dogecoin-etf-following-sec-filing-update-heres-when/,2025-11-09T21:14:10.314289+05:30
449dc14216238a9210a96976d9bdbafea7c644ba1826978f865369ec179afd42,newsapi,https://cryptoslate.com/will-elon-musk-now-reach-1-trillion-before-ethereum/,2025-11-09T21:14:12.773116+05:30
850a0e1f2a720e8e8010218b79bdb98f0dc8722149ca256fa923688230e02b69,newsapi,http://www.newsbtc.com/bitcoin-news/bitcoin-options-craze-oi-printing-aths-glassnode/,2025-11-09T21:14:15.328683+05:30
d38abb990b023a1642763cc8161af7c6b0835574ca3ca17c2107b1fa4a939fd8,newsapi,https://cryptobriefing.com/blackrock-clients-divest-127m-bitcoin/,2025-11-09T21:14:17.992264+05:30
fee74a73d143d234c030fa95075cc5275939236eb860fa026229b158b1412a9b,newsapi,https://abcnews.go.com/US/wireStory/voters-anger-high-electricity-bills-data-centers-loom-127325979,2025-11-09T21:14:20.864615+05:30
ffa21ae814c35925ebf59315cda394e034a56658c98e75850f0153982e8ac15d,newsapi,https://cointelegraph.com/news/bitcoin-to-250k-in-3-months-would-be-one-of-the-worst-things-analyst,2025-11-09T21:14:23.627903+05:30
a247361002dcb51c22711fb964da933a6345395995affc42afb1e482bf75729d,newsapi,https://www.dlnews.com/articles/markets/ripple-leads-666-million-crypto-funding-bonanza/,2025-11-09T21:14:26.390208+05:30
5fce1f9c869c10d7b7c333f829e2db36c47fd396b5a81d5993a358b04548898c,newsapi,https://finance.yahoo.com/news/block-ceo-jack-dorsey-says-050813759.html,2025-11-09T21:14:29.182474+05:30
3569a880dc15f2e7c824188121479a768b23b21c502b4eaffcd26fc9b1347b9f,newsapi,http://www.newsbtc.com/news/polkadot-dot/polkadot-2-85-breakout-ahead/,2025-11-09T21:14:30.893845+05:30
029ae26cea3a534ffb8d965b5f7ae7d90edbb89556fced8fe99d85d63dd8327f,newsapi,https://ambcrypto.com/cathie-wood-cuts-bitcoins-2030-target-to-1-2m-heres-why/,2025-11-09T21:14:32.556613+05:30
0d56280ed063c7f4ffcbd463012241c5929615c9c8d9706a89aae49eb0c2a609,newsapi,https://bitcoinist.com/national-crypto-reserve-fund-by-kazakhstan-2026/,2025-11-09T21:14:34.136200+05:30
4b3183b6ea2a777d87ad2513e95632201e4cad5020daa15a02674e2aead3713e,newsapi,https://cryptobriefing.com/trump-media-bitcoin-holdings-sept-2025/,2025-11-09T21:14:35.829580+05:30
42e21b4be414d8498eab34a1d77a9f566ddf626e9b36b3f4b20f7689e65a195a,newsapi,https://biztoc.com/x/82b0c97b7b6a0a5f,2025-11-09T21:14:37.320560+05:30
fd994ff7679795a015155ceffafc9e638cb6b67b3319991a1eeb8820e2143ce5,newsapi,https://www.coindesk.com/markets/2025/11/08/xrp-outperforms-bitcoin-as-etf-filings-gain-steam-setting-up-breakout-trade-to-usd2-80,2025-11-09T21:14:38.853519+05:30
c9e0b5fa905b91bb839bb48fbbb5ec9fdda7a968afcb3139b23fdb45ff0bd351,newsapi,http://www.newsbtc.com/news/future-xrp-holders-might-poop-their-pants-when-price-slips-from-1200-to-1000-analyst/,2025-11-09T21:14:40.825324+05:30
c065201d6a93d4cc402dfbfc076fb1649f313be14cb5dc16e4ed2bb4bc7e0224,newsapi,https://bitcoinist.com/japans-megabanks-approval-joint-stablecoin-project/,2025-11-09T21:14:42.570023+05:30
6f8131605ea9528862f1d58407c25a93021326edd0542851ae3a54fc684e0982,newsapi,https://economictimes.indiatimes.com/markets/stocks/news/nasdaq-posts-worst-week-since-april-amid-ai-rally-jitters-us-yields-slip/articleshow/125177839.cms,2025-11-09T21:14:44.340471+05:30
897452d532be71671f4046da611a546949db60f617a2d134ba45579e5dc5e324,newsapi,https://www.foxnews.com/media/crypto-founder-pardoned-trump-denies-having-ties-trump-family,2025-11-09T21:14:47.614431+05:30
9a1e9f855a1bce2bbf49b7580c09bedd6ec7e93203334d077834fff65952b203,newsapi,https://bitcoinist.com/bitcoin-boom-reward-spains-science-institute-to-liquidate-decade-old-btc-holdings/,2025-11-09T21:14:51.993074+05:30
8aa047d29eeddb9ff19fed32aff34357afbd16c9ca322d05fb67180ad4755a5b,newsapi,http://www.newsbtc.com/bitcoin-news/bitcoin-erases-recovery-coinbase-relentlessly-sell/,2025-11-09T21:14:55.065276+05:30
4edfb919ede35690df9faf2b248a0e2cdf7bf8d546effc68c4222053b4a518e2,newsapi,https://cointelegraph.com/news/bitcoin-price-predictions-bias-sellers-bear-market-crypto-analyst,2025-11-09T21:15:01.104977+05:30
ab11fe69b8bad6aec6794d903e3ac83ae9f563999fce1776b2a112a82af3cb1d,newsapi,https://en.antaranews.com/news/390661/devvstream-reports-fiscal-year-2025-results-and-advances-digital-asset-and-tokenization-strategy,2025-11-09T21:15:03.978061+05:30
46f91846867c28bbefdb434429d3c3607a11989f9922b745de60f24c642fea0d,newsapi,https://bitcoinist.com/bitcoin-structure-changing-what-rising-cdd-says/,2025-11-09T21:15:08.496208+05:30
1e77266044cd08375232ea25d44a71d9aa6da93a42e4e364b33132d8331ec4f7,newsapi,http://www.newsbtc.com/bitcoin-news/bitcoin-valuation-reset-mvrv-slides-into-macro-correction-territory-what-this-means/,2025-11-09T21:15:13.087384+05:30
e2f2325b2d11f7c80b8b9adadb016f8d6a646bd81e4db3b419167650996b0396,newsapi,http://www.newsbtc.com/bitcoin-news/most-dangerous-bitcoin-boom-ray-dalio/,2025-11-09T21:15:17.494504+05:30
936f2027ec16218c07aec39a4fa93e0245db9501c25668b7f91525c2b8b24471,newsapi,https://bitcoinist.com/bitcoin-range-bound-at-102k-amid-weak-macro-signals/,2025-11-09T21:15:20.355512+05:30
2d9a50e5a707734c1458d80c23288f13bab5eddecea989dfe384eeb72f65116a,newsapi,https://line25.com/articles/aviator-sport-bet-and-perform-aviator-money-video-game-by-spribe/,2025-11-09T21:15:23.119202+05:30
0d97df02d7244456639d15a8596cd489aa56181b00b1f0c29a590cbfed13e15e,newsapi,http://www.newsbtc.com/altcoin/300-million-worth-of-xrp-on-the-move-where-are-they-headed/,2025-11-10T08:24:34.663618+05:30
6fc5e6f86a9f57b76d7c92726c182aa5176bfa0d46bbe836bc40d700f8518ce4,newsapi,https://ambcrypto.com/ethereum-how-10b-short-squeeze-could-fuel-eth-past-4500/,2025-11-10T08:24:37.884797+05:30
8d15536b7de8c156eb924dece9c2d8eea47eac86093514922a0924d107a1f015,newsapi,https://cointelegraph.com/news/bitcoin-dominance-bearish-altcoin-season-signals-crypto-analyst,2025-11-10T08:24:41.242726+05:30
a39d609c1dde845c14991c00f84c2e9beb9317e9207cb48a15b3ce4f28d5831d,newsapi,https://bitcoinist.com/bitcoin-at-discount-on-coinbase/,2025-11-10T08:24:44.334537+05:30
3ada900713446321a8353a099b65556d436029e3482f03838e463ac8e06eeaa6,newsapi,https://ambcrypto.com/zcash-plunges-14-but-traders-eye-1000-zec-rally-why/,2025-11-10T08:24:47.609629+05:30
8380b53254b43f44524813783cbba95a667653099d2c2c0d21594340fe9e075f,newsapi,http://www.newsbtc.com/news/bitcoin/bitcoin-bounces-from-100000/,2025-11-10T08:24:50.792752+05:30
b9746b54d8781773939f23ad51ffaf9b6c6de0afa823ee4ff6eb0cafc7f3c8dd,newsapi,https://www.coindesk.com/business/2025/11/09/the-great-korean-pivot-from-memecoins-to-machine-chips,2025-11-10T08:24:53.757924+05:30
7143522cb44c71f01bfbdd62ccc716cd36d1e5b742d3f633400de1d18edfa60d,newsapi,http://www.newsbtc.com/news/bitcoin/bitcoin-price-if-it-follows-gold/,2025-11-10T08:24:56.825411+05:30
aaff3163abbc8b19d1a0672709b5d34653786052834b508dc0520fd71b2dcb40,newsapi,http://www.newsbtc.com/news/litecoin-set-for-next-leg-higher/,2025-11-10T08:24:59.794037+05:30
3addffc8f80cb7b69cc0031e8ed336077786c2b1fecda58e5c8a328f986ec991,newsapi,https://cointelegraph.com/news/bitcoin-power-law-coiled-spring-burst-higher,2025-11-10T08:25:02.881170+05:30
3148aabb50ec1ebd9aa269c3d60b0777c146287aa41834a81635120782936b1b,newsapi,https://ambcrypto.com/bitcoin-mvrv-ratio-hits-7-month-low-is-a-btc-rebound-ahead/,2025-11-10T08:25:06.041538+05:30
282c728cdaee4b1a129bd46d017c00caa54d5f32d0366c1f7149b061c43de608,newsapi,https://bitcoinist.com/no-mercy-for-samourai-wallet-developer-keonne-rodriguez-sentenced-to-the-maximum/,2025-11-10T08:25:09.215389+05:30
27a5581b0585da7f36b58a67af0c86fac7c99651a7a666ec2d18034b54d61e91,newsapi,http://www.newsbtc.com/news/zcash-zec/zcash-euphoria-is-finally-here-time-to-cash-in/,2025-11-10T08:25:12.799486+05:30
1174c54a8d7c79de5185862453d81853858de354355a0cd3e38e5f5a83b4af53,newsapi,https://nypost.com/2025/11/08/business/ai-models-given-10k-to-compete-in-first-of-its-kind-crypto-trading-competition-and-most-crashed-and-burned/,2025-11-10T08:25:15.773564+05:30
ebec181d4f5e57055bf28778b6a5d0a79902dad03061f1256822535b03641821,newsapi,https://biztoc.com/x/6a062c6cfe8ac07a,2025-11-10T08:25:18.841515+05:30
cbd1f2242c44f23aacf48eb3736ec1ca0c48c662887e70c69b524540f3b8428d,newsapi,https://biztoc.com/x/d7781a6814d4179c,2025-11-10T08:25:22.117403+05:30
930f65ef85e3780f6ce42523e6281102404b186da44b714c6f1f09ca2d82cbc9,newsapi,https://biztoc.com/x/f276ac76f7d827ac,2025-11-10T08:25:24.394905+05:30
f7738293688fc1482aa20686f7e384db443a60a1f94fc7a353ca13566405ef27,newsapi,https://biztoc.com/x/cf7a29ba0c6643cb,2025-11-10T08:25:26.665235+05:30
4047da1bba437869d9806c113c276918e73c66bb02fade2174f0bb232e9f32f8,newsapi,https://biztoc.com/x/a20515f6bda75f77,2025-11-10T08:25:28.508634+05:30
6dd62c5852d07e21e6b68277779ed7dbc5422cb735094a7a67b37f3a1ec9a4ac,newsapi,https://biztoc.com/x/e298459bbc10ff1e,2025-11-10T08:25:30.616775+05:30
706234c4b7bf4893be60b201e52238757eb400471165a671e0d33ba6cf6ef148,newsapi,https://biztoc.com/x/548cde2d1264f4d6,2025-11-10T08:25:32.573532+05:30
2711e43c49708fc02b4d194ec71c21d2fd1456095732a4c44d3c5e2612d73929,newsapi,https://biztoc.com/x/177fea2936f4d88b,2025-11-10T08:25:35.695912+05:30
810487e22638f29a6a705f059f6bc50e8d0cd45de9020e3513089f165934ab64,newsapi,https://finance.yahoo.com/news/coinbase-owns-institutional-trust-crypto-210231786.html,2025-11-10T08:25:38.810768+05:30
48845600d6f362036b658f9f7a390a17d9ad4daf4fb38d5f7db84c42ea3093e2,newsapi,https://biztoc.com/x/d86cbe19bcfcf21b,2025-11-10T08:25:42.362525+05:30
ebcd781dc0c641df4fa92ce485012a2545254f4fdb6d3613be258c31bf3b797f,newsapi,https://bitcoinist.com/bitcoin-set-for-long-squeeze-retailers-panic-sell/,2025-11-10T08:25:45.466525+05:30
27271f3ac531b2766d4f35bd6277af4977e919d22687323aab683c8ee174fb51,newsapi,https://cointelegraph.com/news/cz-says-surprised-pardon-denies-ties-trump-family,2025-11-10T08:25:48.334176+05:30
bd2d386012f13b318bddbf8e63931a0bfd200ef27a1b7c2e9917fc401e538afc,newsapi,https://biztoc.com/x/dae56374023d4140,2025-11-10T08:25:51.409673+05:30
f96ddb25b324407c7851d9b29bde4cd56cece267f6d37a3c4dde5c6900ad3a41,newsapi,https://biztoc.com/x/6a54ea7475bf0606,2025-11-10T08:25:54.567544+05:30
d2a1bb43750e7c53822f0387dd77b68c9c8532d1615a36160d5f86deacce3663,newsapi,https://biztoc.com/x/2af71d8ecb2a2f83,2025-11-10T08:25:57.852840+05:30
70ce1a621c9d37e78dab8544d4508a8371bd946b7c08467de56de82e7521fada,newsapi,https://finance.yahoo.com/news/cathie-wood-confirms-1-million-203740643.html,2025-11-10T08:26:01.235882+05:30
f089174603caeecc88eefdbbf1af1ab4248a149bce1cbb3421cf03842d292ff0,newsapi,https://cryptoslate.com/70-of-top-bitcoin-miners-are-already-using-ai-income-to-survive-bear-market/,2025-11-10T08:26:04.102652+05:30
7dadd64f0490b2eabf8cf3e95f5bbf468e0c259f3263d0671914a85e5ad55a90,newsapi,https://ambcrypto.com/litecoin-three-reasons-ltc-could-lead-q4-altcoin-gains/,2025-11-10T08:26:07.379630+05:30
38ec02b9df27ffb4a0badc17c58cad8f1fdde9baa044fa7ccfa42a63060643a4,newsapi,https://zycrypto.com/willy-woo-dismisses-bitcoin-liquidation-risk-for-strategy-in-future-bear-market/,2025-11-10T17:06:41.907457+05:30
92e0b3e0603e98847014c93a9b5a48fa8b5796960dd7fb3e0f44b418d27aa594,newsapi,https://zycrypto.com/bitcoin-outflows-deepen-as-ether-solana-xrp-clinch-massive-500-million-institutional-capital/,2025-11-10T17:06:44.018254+05:30
663f2136a0b94e2c094d5997884de4b13db2a6e9f3c8c7996228c26076a9c5e8,newsapi,https://zycrypto.com/franklin-templeton-tightens-spot-xrp-etf-filing-approval-could-be-imminent/,2025-11-10T17:06:46.781973+05:30
9692039534454f28bae7eda66c2295582db41fe8eb98fdc33ab295bac3298f41,newsapi,https://zycrypto.com/bitcoin-whales-are-present-but-retail-players-are-no-where-to-be-found-expert-speaks-on-potential-impact/,2025-11-10T17:06:50.868175+05:30
e3145e174b1b3f566b331ce21c4071f7f64e66f1d4299409eeab99a328c474a4,newsapi,https://zycrypto.com/charles-hoskinson-bitcoins-defi-could-be-the-largest-contributor-to-cardanos-tvl/,2025-11-10T17:07:49.454317+05:30
344c039730a92424da3cc2195428f01a8d38b1088e633e5fe9b7936a5bcb4977,newsapi,https://biztoc.com/x/e35c55e9e89f04df,2025-11-10T17:07:52.218872+05:30
840de1b25ac03d55210eb837a1afbdde3f13e2784731cc410f9d1a371bc09d72,newsapi,https://mypeoplesreview.com/2025/11/09/book-on-travails-of-nepals-water-resources-unveiled/,2025-11-10T17:07:54.879286+05:30
8a3171ddb530d293993e838cc9abf2254732ab09a22d9bb8139226c2ee9d29fa,newsapi,https://economictimes.indiatimes.com/markets/cryptocurrency/robert-kiyosaki-predicts-market-crash-again-bets-on-gold-at-27k-and-bitcoin-at-250k/articleshow/125200182.cms,2025-11-10T17:08:34.821330+05:30
b5e2203dd64ac0f74b56b87135bda19dbb761130082d68c8ef498e1af032ac1a,newsapi,https://zycrypto.com/november-could-be-bitcoins-most-bullish-month-heres-what-experts-are-anticipating/,2025-11-10T17:08:38.097101+05:30
8aab38f6b6972975092bd806b177d198b386e95db47c1e4534574e0610db61f3,newsapi,https://zycrypto.com/american-bitcoin-backed-by-eric-and-donald-trump-jr-adds-139-btc-boosting-treasury-above-415-million/,2025-11-10T17:08:41.539076+05:30
35fd6a5e282a7985573d6140879435e41df188b91e237bc8cb19cbb23394790e,newsapi,http://www.newsbtc.com/news/bitcoin/bitcoin-correction-nears-peak-point-is-a-rebound-underway/,2025-11-10T17:08:44.648567+05:30
d1a8824915d4d94be8e9c7a2be7185cdc0c57c6098b2bbd066c0904fb50fc170,newsapi,https://bitcoinist.com/bitcoin-etfs-net-outflows-1-billion-100000-restest/,2025-11-10T17:08:49.474238+05:30
602b1516c10082acf8d9bde1cd1e345763aeaa8df09f95ff6fc0f75f5e85a792,newsapi,https://cointelegraph.com/news/robert-kiyosaki-says-hes-buying-targets-250k-bitcoin-27k-gold,2025-11-10T17:08:52.225442+05:30
379ae7b433b973e2faeb31f9519b18825b905c6e816110733e595456c8f72e3b,newsapi,https://ambcrypto.com/bitcoin-clings-to-100k-can-it-resist-sp-pullback-as-housing-weakens/,2025-11-10T17:08:54.889046+05:30
6607582b6c371e7732c31783a4e7bfc387f7fdd025c32f1124e3efc124faeff4,newsapi,https://www.computerweekly.com/blog/CW-Developer-Network/StarkWare-aims-to-make-Bitcoin-everyday-infrastructure,2025-11-10T17:08:57.857093+05:30
dfe32bc991b9a851d19504663006a59917b3e50fd972390e6fcc56b61fa1ca76,newsapi,http://www.newsbtc.com/news/bitcoin/bitcoins-big-money-is-moving-old-whales-selling-at-a-furious-pace/,2025-11-10T17:09:01.237514+05:30
be8fba9d9ade440137fbc0427d6e2f16f6be9079be82241a090c6d296bea4fdb,newsapi,https://cryptoslate.com/cathie-wood-revises-bitcoin-forecast-as-stablecoins-gain-ground/,2025-11-10T17:09:04.001617+05:30
8b67cd6f567c3c6953fa7206ff61d7b921f1e553d8ce759d7270ace08bfe2bf7,newsapi,https://cointelegraph.com/news/italian-banks-back-digital-euro-urge-ecb-to-stagger-costs,2025-11-10T17:09:06.991056+05:30
f053193dc87246592af15244fc40895b3e7d092df6ea45c21fd873cf581e8475,newsapi,https://www.globenewswire.com/news-release/2025/11/09/3184101/0/en/099-Casino-Expands-Game-Portfolio-with-Launch-of-15-New-Electronic-and-Slot-Machine-Titles.html,2025-11-10T17:09:09.837576+05:30
1137ad3237e0b5304c66ce0de7129b8d3bb2c4e6e867f88c1ae30a81a575a9a4,newsapi,https://ambcrypto.com/xrp-etf-is-final-nail-in-the-coffin-sec-now-has-20-days-to/,2025-11-10T17:09:12.807922+05:30
f57f72cbe1a356e6bb964c50aa379076690f936abbcdd72c0fdf91cfb5339f67,newsapi,http://www.newsbtc.com/analysis/zec/zcash-rally-could-be-over-here-are-potential-support-targets-analyst/,2025-11-10T17:09:15.983829+05:30
fbcaee754428e1f108c7fa102c95a69ee6bc39072ad5617102d48084b2e17a6c,newsapi,https://bitcoinist.com/jpmorgan-discloses-increase-bitcoin-etf-holdings/,2025-11-10T17:09:18.644727+05:30
cca20d6b1bb0cd24cae9960609c14bdc44713f6bfe3fc91a50b79c891b2b498d,newsapi,https://www.naturalnews.com/2025-11-09-financial-engine-unfolding-infrastructure-revolution-of-bitcoin.html,2025-11-10T17:09:22.126991+05:30
11828034cc5515c24cb9406556f13fd3d8a0361d6edfc0e5ee67b6b7626fd8e7,newsapi,https://cointelegraph.com/news/bitcoin-trade-lag-attention-to-return-galaxy-digital-alex-thorn,2025-11-10T17:09:25.710678+05:30
5359c1cc2305da79e400699ba349eee2f9e7b4a562adc12466b7a44eae9d2ad1,newsapi,http://www.newsbtc.com/altcoin/get-ready-the-end-of-november-will-be-massive-for-xrp-ceo-says/,2025-11-10T17:09:29.502148+05:30
6269bc368c6361b5b8412449203129f0d1517e7d84025aef944ab4fbafcd516c,newsapi,https://cryptoslate.com/ripple-fortifies-with-500m-investment-leaving-xrps-role-uncertain/,2025-11-10T17:09:31.036568+05:30
c50cb17d2747e966672893908a8a854af68b72b081e73590f073240372d6714b,newsapi,https://bitcoinist.com/bitcoin-long-term-holders-sells-during-bull-market/,2025-11-10T17:09:32.718980+05:30
fb62b6fe58787725956abc76d0a9d3ef10184e1932e6adbe22c953dc7d830992,newsapi,https://cryptoslate.com/on-chain-moves-dont-tell-the-full-story-why-og-bitcoin-whales-may-not-be-cashing-out/,2025-11-10T17:09:34.416047+05:30
9733a827da7d97534277d694cac3c215c382570c09c37dcbd2153d56ea49b8b3,newsapi,https://beincrypto.com/solana-bitcoin-price-correlation-market-impact/,2025-11-10T17:09:36.257482+05:30
54ccf1579245a462d3ba800ed28f2fd88494ef681e04fbac1cef75064a53bb03,newsapi,https://biztoc.com/x/6796e4f662a0f3f9,2025-11-10T17:09:43.223411+05:30
25849eba4314b7346a73e4d6cf8f71728f30087eea502007ea2b52851cc0d0d4,newsapi,https://biztoc.com/x/f6f13cc186fd69f2,2025-11-10T17:09:45.880245+05:30
862fac8e836fdbec3603e62d38153e4829117428db88cc85dd9e14baadcd9dbe,newsapi,https://bitcoinist.com/dogecoin-shiba-inu-are-down/,2025-11-10T17:09:48.752299+05:30
16aaa445aba2a6a92839f7dd7f971ae3e7f41f88dfbf1fe520e063048053887d,newsapi,http://www.newsbtc.com/news/bitcoin/is-the-bitcoin-price-bottom-in-latest-on-chain-data-suggests-so/,2025-11-10T17:09:51.722010+05:30
aceb6ac1c5c9eca30965979bf2713373455f1923e6b105f8accd5b22d672e8de,newsapi,https://ambcrypto.com/bitcoin-how-renewed-demand-could-catch-btc-bears-off-guard/,2025-11-10T17:09:54.691182+05:30
08c72bd43f7fc8f229cb14cac64acb6736c9dc5c70a228b2afa9bcfb5c659686,newsapi,https://biztoc.com/x/ed92c384dad0e29d,2025-11-10T17:09:57.764866+05:30
b3924e5618293dbc1c2a4480fda7d26a5f8f4b9139019ae8456361e33e86ef2b,newsapi,https://www.thestreet.com/crypto/money-mistakes/crypto-confession-parents-investment,2025-11-10T17:10:00.528291+05:30
30943a420b5705177f6ed08eed93284eb7bab0dcb7514f924751eec5b028531c,newsapi,https://biztoc.com/x/cb054fe9082b064a,2025-11-10T17:10:03.397535+05:30
e165c6adbf8b742c6881555641323bbb082b5e0a7c4e1bfcc4f3948f612d4328,newsapi,https://ambcrypto.com/near-surges-32-assessing-why-3-17-could-be-next-target/,2025-11-10T17:10:06.262607+05:30
85319847f382da2d44bd939397a7dac2220100f4a2a0800e9639846ea7841977,newsapi,https://cryptobriefing.com/bitcoin-whale-transfer-3600-btc-kraken/,2025-11-10T17:10:09.336188+05:30
f8bd007c7107003bd99d5b18f7913fef3b4885234d2ae96173e4da3dd6a5c257,newsapi,http://www.newsbtc.com/altcoin/zcash-explodes-700-since-september-whats-driving-the-rally-amid-the-bear-market/,2025-11-10T17:10:12.202181+05:30
5bcdcb5ce293dd0ccc6f6875efe25bccf0804a6c6f07e18d0fcee92d3d18cf33,newsapi,https://www.mutualfundobserver.com/2025/11/t-rowe-prices-calculated-bet-why-the-quintessential-singles-hitter-is-swinging-for-crypto/,2025-11-10T17:10:14.968500+05:30
b21d2af30834de5e6fa3eef9912a63ef98bd188b8e9174d47030d981054bf7f4,newsapi,https://decrypt.co/347873/bitwise-solana-etf-steady-demand-bitcoin-ethereum-funds-shed-assets,2025-11-10T17:10:18.041266+05:30
1b75486b49282535faf16226fb7ba233571ef6a6c67c99a13daa68073c3bde0e,newsapi,https://www.globenewswire.com/news-release/2025/11/08/3184080/0/en/AI-Meets-Digital-Assets-CreditBlockchain-Launches-Free-Cloud-Trial-for-XRP-Investors-Era.html,2025-11-10T17:10:20.906932+05:30
d4b1f24269e1b30185c4dbdaac7eac75fff43b1b7fe36b5c80d91faf00c1a633,newsapi,https://www.coindesk.com/news-analysis/2025/11/07/since-trump-s-election-crypto-has-experienced-a-wild-year-long-ride,2025-11-10T17:10:23.578636+05:30
b5910bf744c39064baea9b5504bba13fe7b07c2c3752d5b929b3bf107bd37aa6,newsapi,https://www.mutualfundobserver.com/2025/11/briefly-noted-109/,2025-11-10T17:10:26.539779+05:30
dae17d45ec656d843df7a6dde5e79dcf27573b95423c379a79d83e6042b33d82,newsapi,https://zycrypto.com/btc-liquidity-recovers-as-trump-talks-bitcoin-rocket-boost-incoming/,2025-11-10T17:10:28.276990+05:30
7d8ef08ab163bb5dc3eccb1f3cb34d573088e6c84b3d3dee72f86cae7baf9f5a,newsapi,https://zycrypto.com/michael-saylors-strategy-set-for-more-btc-purchases-after-715-million-stock-sale-in-europe/,2025-11-10T17:10:30.734945+05:30
4b43bfd7cd3eb452c1e7161b4fd150cc075340704120fb9cea6b9bd99da739c2,newsapi,https://zycrypto.com/japans-top-financial-watchdog-endorses-joint-stablecoin-pilot-by-countrys-three-largest-banks/,2025-11-10T17:10:32.376555+05:30
a68e579d2a2306c5ea4f38b3f4e370bd628e9be7c6c9351692dbfcfa08297373,newsapi,https://rollingout.com/2025/11/08/toy-game-makers-discover-adult-spend-big/,2025-11-10T17:10:34.016269+05:30
c08546b12e0e8f467f43e64503e3b046963d0f37750a185b4b994c634d2ae8ac,newsapi,https://bitcoinist.com/survival-mode-activated-bitcoin-miners-struggle-as-hashprice-collapses/,2025-11-10T17:10:35.855938+05:30
de7874029d2e9e1c4281665be103f37bc6029304c99ea61800fe9321a8b8c90f,newsapi,http://www.newsbtc.com/news/bitcoin/bitcoin-dominance-signals-the-crypto-bull-run-remains-active-analyst/,2025-11-10T17:10:38.620450+05:30
9b35501af88faa61b3a37098f12a976c14174ccbf26ef9b293cb445088ad6d21,newsapi,https://ambcrypto.com/trump-media-posts-54-8m-loss-as-revenue-sinks-below-1m-in-q3/,2025-11-10T17:10:40.976593+05:30
3dc838ee024af2d2f9441cd6249673da42c3777e2358acb595433ca3d4862e2b,newsapi,https://www.globenewswire.com/news-release/2025/11/08/3184071/0/en/Most-Trusted-Crypto-Casinos-USA-Jackbit-Leads-2025-Crypto-Gaming-With-Instant-Withdrawals-No-KYC-Access.html,2025-11-10T17:10:43.947416+05:30
d78596fda468f578e040b60b14853b166c1774890a549973ae06ea0808138131,newsapi,https://fortune.com/2025/11/08/voter-fury-ai-bubble-high-electricity-prices-offseason-elections-openai/,2025-11-10T17:10:46.814343+05:30
a2ade797c472ee5e73b44728e493651221f15daff3e60943cd85bd21cae6ccee,newsapi,https://www.commondreams.org/news/trump-tax-breaks-rich-investors,2025-11-10T17:10:49.477487+05:30
c991211be9932fd7cb4939be107da068754471c7b93ce24e160fb889d277e1b3,newsapi,https://cointelegraph.com/news/bitcoin-og-whales-keep-cashing-out-threatening-btc-price-drop-90k,2025-11-10T17:10:52.242503+05:30
87e7e326844c16ebaebf931fe32e9dfcee8adc17e4a175be57e0c837e419d3f0,newsapi,https://economictimes.indiatimes.com/markets/stocks/news/ahead-of-market-10-things-that-will-decide-stock-market-action-on-monday/articleshow/125201015.cms,2025-11-10T17:25:56.355389+05:30
4ccc706bf53fda58439385faf9602d0b9abf358daaf430ac811ab73161762c4d,newsapi,https://decrypt.co/348295/crypto-markets-in-short-term-reprieve-risks-remain-qcp,2025-11-13T18:41:02.562934+05:30
bf585ec9a91df3e26aa1e3b69eb1f91c0227a4902680f1516866159a218ebbdb,newsapi,https://www.cnbc.com/2025/11/12/5-things-to-know-before-the-stock-market-opens.html,2025-11-13T18:41:05.001185+05:30
213ca604f6a1206f3970477467c1d161ddf71533a3f66b03d1b540b8ab956483,newsapi,https://www.nerdwallet.com/credit-cards/learn/coinbase-credit-card#article,2025-11-13T18:41:07.663407+05:30
4c6ca3b0a7094e9ef2b314df40b41a07647b55e989434b7da65d4693d510d787,newsapi,https://www.practicalecommerce.com/new-ecommerce-tools-november-12-2025,2025-11-13T18:41:11.667100+05:30
3d733b39a7b1d1e65ee8dc33cb9fcaf1ba93762cc600df28bcd1087c7e04b4be,newsapi,https://cointelegraph.com/news/bitcoin-price-taps-105k-analysis-flags-massive-binance-withdrawals,2025-11-13T18:41:15.295910+05:30
08d23cc419cab71a8eb5568fc518da1ba47eda0b785ea37da7c5ba297f2aaacd,newsapi,http://www.vulture.com/article/down-cemetery-road-series-recap-season-1-episode-4-apple-tv.html,2025-11-13T18:41:18.188855+05:30
26cdefa0383f79334710e2ef8088997ee7a5a9f4fe26110cf9594a7730f0ef3d,newsapi,http://www.newsbtc.com/news/best-crypto-presales-buy-dip-while-market-stays-down/,2025-11-13T18:41:20.978396+05:30
47c5d0c1b3a1249a877fe7286558d2b4ba96e75cb274de30180688d05cea8be0,newsapi,https://coinjournal.net/news/ripple-price-forecast-xrp-eyes-2-70-despite-poor-price-action/,2025-11-13T18:41:25.767067+05:30
73926a99f1a527d6e18782883b382a7ffa0898ba4f3af4ba215c69f95a50e8fb,newsapi,https://www.coindesk.com/markets/2025/11/12/b-riley-flags-recovery-signs-in-digital-asset-treasuries-as-bitmine-extends-ether-lead,2025-11-13T18:41:30.497752+05:30
e28f805805356ae4e889588e37d78b74be54b4af6cba905724bf4afb97a1b961,newsapi,https://www.coindesk.com/markets/2025/11/12/bitcoin-indicator-that-nailed-some-market-bottoms-is-back,2025-11-13T18:41:34.980733+05:30
7ea6652c3a828a07724f62ae3e3be6311203216075cc4eaa986faf4cbfec8f1d,newsapi,https://timesofindia.indiatimes.com/tv/news/hindi/pati-patni-aur-panga-munawar-faruqui-breaks-down-while-watching-the-journey-in-the-grand-finale-says-this-show-gave-me-millions-of-families/articleshow/125274973.cms,2025-11-13T18:41:37.934732+05:30
7e4ec52bc52234aae2bf830366b785a1e4d21d7204cb23523d105a210436d114,newsapi,https://biztoc.com/x/c18c1959788ee89d,2025-11-13T18:43:07.223185+05:30
eb14816ab9689c80c693d7b131679cefa78c6b7a1747a51688b2d5128790b50d,newsapi,https://timesofindia.indiatimes.com/sports/international-sports/ballon-dor-winning-footballer-dresses-up-as-wwe-legend-hulk-hogan-for-a-special-occasion/articleshow/125274527.cms,2025-11-13T18:43:10.243002+05:30
8dcde5457353ba320208f473a442555b30b97de4ee3f0fabf5e4bd7eabfbbf9e,newsapi,https://cryptobriefing.com/crypto-market-surges-65b-bitcoin-gains-30b/,2025-11-13T18:43:12.780130+05:30
a95f2f21789dbece62a9c5cc71b9a359e4b67475a3117d455d4b932b139c5324,newsapi,https://cointelegraph.com/news/altcoins-aren-t-dead,2025-11-13T18:43:16.040424+05:30
30b248daec625c60cffc68301dc3521d6f79e2a77a3db7768f3e15dc1b9318f7,newsapi,https://timesofindia.indiatimes.com/sports/international-sports/ferrari-feud-explodes-as-chairman-john-elkann-clashes-with-lewis-hamilton-and-charles-leclerc-amid-drivers-call-for-unity/articleshow/125274836.cms,2025-11-13T18:43:20.279733+05:30
78de7c57a60125cc7e8a1116ebf4bbf12044f9ff6d04d31ffaa1c487690e87bc,newsapi,https://timesofindia.indiatimes.com/astrology/relationships-marriage/gemini-taurus-scorpio-capricorn-and-virgo-five-zodiac-signs-set-to-meet-their-soulmates-by-the-end-of-november-2025/articleshow/125274780.cms,2025-11-13T18:43:23.148178+05:30
cc2bfd991a6fb3af93a392e2bfd5f6c22f29d49e29cc06218d5b7f47b8a06d09,newsapi,https://biztoc.com/x/d5638cd83fb52f4b,2025-11-13T18:43:26.832878+05:30
e352209cde063af0fc592eedab9507054ef5af14f223d6576e2cf09d3e170387,newsapi,https://zycrypto.com/trumps-20-trillion-growth-projection-sparks-bitcoin-ether-xrp-solana-cardano-liquidity-debate/,2025-11-13T18:43:30.006432+05:30
d07957f1ce6e3eba34b56c1ce272082ac62ffe91af2bf90ce38509a4742bd47d,newsapi,https://timesofindia.indiatimes.com/sports/nba/top-stories/brandon-ingram-pauses-victory-celebration-after-beating-brooklyn-nets-for-one-heart-stirring-moment-with-glorilla-no-one-saw-coming/articleshow/125274526.cms,2025-11-13T18:43:32.666381+05:30
739fd5345f5a0062e936c2b4f8cac60545e8b19290ebfdc4f86c5f68d04279e4,newsapi,https://cointelegraph.com/news/sonic-labs-pivots-speed-to-business-growth,2025-11-13T18:43:35.538510+05:30
31c2abff6ff10c097a307523e6169cb5a3f99a4ae3c56edf0cc60e113ef06353,newsapi,https://biztoc.com/x/223616b8c25dc9b8,2025-11-13T18:43:38.404770+05:30
85967bf5695226a93e6cee24b68d07a85e01ee034855344efa78acb8ae335182,newsapi,https://biztoc.com/x/b21f72edcaf7c2ae,2025-11-13T18:43:54.005984+05:30
ccd031270de3e4516e074827b7cf79887fbcfd6252283e666cccd42518cbfc21,newsapi,https://www.coindesk.com/daybook-us/2025/11/12/demand-revival-crypto-daybook-americas,2025-11-13T18:43:59.603796+05:30
e23811ed43cf751559ebda40057935fb749c49d2bae37780420d71afea713cdd,newsapi,https://coinjournal.net/news/bitcoin-btc-battles-macro-headwinds-despite-improved-etf-inflows/,2025-11-13T18:44:02.496248+05:30
9d73206696fdc9bf877a681e1e776e96994b56e962ae620bad8a3a158bf18d12,newsapi,https://coinjournal.net/news/dogecoin-price-holds-above-0-17-as-bulls-eye-breakout-toward-0-20-check-forecast/,2025-11-13T18:44:05.549133+05:30
229210c42ed2ea38ad7baea7551128fe63891401b63d23124efbdcac10844e5f,newsapi,https://zycrypto.com/samson-mow-blames-bitcoin-sell-off-on-new-holders-says-ogs-are-still-hodling/,2025-11-13T18:44:08.409293+05:30
892068b303ad83f149b57a613435ab121951ea63f63305cd16189f4d829caeb3,newsapi,https://www.ccn.com/news/crypto/global-list-launched-piloting-developing-cbdcs/,2025-11-13T18:44:11.374826+05:30
afb869c3b6baf5e8fc7a0dea271e16e1a44be1fdd18c1b140d069bf5d060cc50,newsapi,https://cryptoslate.com/solana-etfs-keep-buying-343m-in-but-sol-still-dumps-15/,2025-11-13T18:44:13.940454+05:30
b88ff4c87da6c1c55030c791285a11b9d9fa7cf7ccd78f46c40fbd205c049d98,newsapi,https://zycrypto.com/china-accuses-us-government-of-13-billion-bitcoin-theft-as-nation-state-accumulation-heats-up/,2025-11-13T18:44:16.705889+05:30
d2e8f85a322bb6d45b012d502006453bb2bf9a9f86ca2d2f0db502a6fb8b493d,newsapi,https://www.globenewswire.com/news-release/2025/11/12/3186092/0/en/Bitdeer-Reports-Fire-Incident-at-Massillon-Development-Site.html,2025-11-13T18:44:19.263415+05:30
a33fa9419807f7645cc55572a91397d842bf55c00f716cd5911832ead3ebe1ea,newsapi,https://decrypt.co/348274/zcash-treasury-company-launches-with-winklevoss-backing,2025-11-13T18:44:22.507024+05:30
232ba68e5e698ab5e398e5e2c00fe69a18bb47445d24ead1225c7e309985080a,newsapi,https://www.tomshardware.com/tech-industry/cryptocurrency/china-accuses-washington-of-stealing-usd13-billion-worth-of-bitcoin-in-alleged-hack-127-272-tokens-seized-from-prince-group-after-owner-chen-zhi-was-indicted-for-wire-fraud-and-money-laundering-u-s-alleges,2025-11-13T18:44:25.819441+05:30
0c24dc2f4f015ff341f87ef5d7a38b6e4bf79109efcbc427974d40873175ea9a,newsapi,https://bitcoinist.com/china-us-127k-bitcoin-heist-maxi-doge-opportunity/,2025-11-13T18:44:28.786346+05:30
0c1e430ee0e427dd5cd34903417b3993ed242dcdeaa5603a59fedcdb33baccf6,newsapi,https://www.pymnts.com/cryptocurrency/2025/jpmorgan-expands-blockchain-efforts-with-jpm-coin/,2025-11-13T18:44:36.877755+05:30
b68778c3449613e54eadb4c977fac5acf34df6f0d7fd2af839760ca67415e9a3,newsapi,https://fortune.com/2025/11/12/december-cut-expectations-fed-labor-data-sticky-inflation-hawk-markets/,2025-11-13T18:44:43.426556+05:30
c3a2f397c58843c614bce5c0249855290779a71624747b6e7ab42239ca768cb1,newsapi,https://coinjournal.net/news/ai-driven-phishing-scams-and-hidden-crypto-exploits-shake-web3-security/,2025-11-13T18:44:45.949853+05:30
9f6be04f8f7a2eb4bee4332299882ab0bbdad0d9ccdf74daab4fbba82bba7e73,newsapi,https://cryptonews.com/news/morgan-stanley-warns-bitcoin-entering-fall-season-urges-investors-to-take-profits/,2025-11-13T18:44:51.315046+05:30
e9e1a0a7b1a2bb0b295b30a3f7e03a5ffcf8d6238e3c3e22c42bbaa7321f03f9,newsapi,https://bitcoinist.com/next-crypto-to-explode-as-market-eyes-santa-rally/,2025-11-13T18:44:54.795486+05:30
631cb3bb650bbc586a5fcb7a12223c6b4c47ba61790320db0128883ec1a7274d,newsapi,https://decrypt.co/348281/jpmorgan-brings-dollar-deposit-token-to-coinbases-base-network-report,2025-11-13T18:44:57.977950+05:30
56aee0e56e020757246bbbe61fb6d57554f00fc7c9c699da9aa263dd5909e008,newsapi,https://abcnews.go.com/Technology/video/chinese-cryptoqueen-jailed-scamming-billions-127443404,2025-11-13T18:44:59.620268+05:30
c0aab1f228190fff74bbdd92f893e6b4d4e8e3dc95835a4fa322eec50a5219ba,newsapi,https://biztoc.com/x/669689e24c396258,2025-11-13T18:45:02.785040+05:30
1f2db781d7534d98a3f88673aa6ac8e33aa6a6ed48d6c128cd9475a7cfeff912,newsapi,https://www.coindesk.com/markets/2025/11/12/crypto-markets-today-privacy-tokens-shine-majors-stall-as-market-consolidates,2025-11-13T18:45:06.062401+05:30
2ca488168254caf4c5e43b7373bb28674aee8f3d559a0be4c3614220ea18cd0a,newsapi,https://www.theregister.com/2025/11/12/bitcoin_fraud_prison/,2025-11-13T18:45:12.026388+05:30
